{
  "overall": -0.0685593435761255,
  "davidism": -0.01705741674693135,
  "dependabot[bot]": 0.3454189738728327,
  "nateprewitt": -0.2303589335010053,
  "mroeschke": 0.6044794698229184
}