{
  "accuracy": 0.6266666666666667,
  "report": {
    "False": {
      "precision": 0.6666666666666666,
      "recall": 0.782608695652174,
      "f1-score": 0.72,
      "support": 46.0
    },
    "True": {
      "precision": 0.5238095238095238,
      "recall": 0.3793103448275862,
      "f1-score": 0.44,
      "support": 29.0
    },
    "accuracy": 0.6266666666666667,
    "macro avg": {
      "precision": 0.5952380952380952,
      "recall": 0.5809595202398801,
      "f1-score": 0.58,
      "support": 75.0
    },
    "weighted avg": {
      "precision": 0.6114285714285714,
      "recall": 0.6266666666666667,
      "f1-score": 0.6117333333333332,
      "support": 75.0
    }
  }
}